URL,Version,Status,OIDs,Name,Title,Descriptino,Uses,Used,Sources
http://hl7.fr/fhir/fr/preadmission/ValueSet/consent-category-value-set,0.1.0,draft,,PreadmissionConsentCategoryValueSet,ValueSet pour la catégorie de consentement,"Valeurs autorisées pour la catégorie de consentement","StructureDefinition/preadmission-consent-fr","Internal"
http://hl7.fr/fhir/fr/preadmission/ValueSet/consent-information-status,0.1.0,draft,,ConsentInformationStatusVS,Statut d'information et de consentement,"Statut du patient concernant l'information et le consentement, incluant les cas d'opposition ou d'absence de recueil.",,"Internal"
http://hl7.fr/fhir/fr/preadmission/ValueSet/preadmission-consent-value-set,0.1.0,draft,,PreadmissionConsentValueSet,ValueSet des consentements du patient,"Consentements exprimés par le patient dans le cadre de la préadmission.","StructureDefinition/preadmission-consent-fr","Internal"
http://hl7.fr/fhir/fr/preadmission/ValueSet/preadmission-document-type-valueset,0.1.0,draft,,PreadmissionDocumentTypeFrValueSet,Types de documents - ValueSet,"Liste des types de documents autorisés pour la préadmission",,"hl7.fhir.fr.core,Internal"
http://hl7.fr/fhir/fr/preadmission/ValueSet/preadmission-status-value-set,0.1.0,draft,,PreAdmissionStatusValueSet,ValueSet des statuts de préadmission,"Statuts valides qu'une préadmission peut prendre.",,"Internal"
http://hl7.fr/fhir/fr/preadmission/ValueSet/type-couverture-sociale-vs,0.1.0,draft,,TypeCouvertureSocialeValueSet,ValueSet des types de couverture pour la préadmission,"Restreint les types de couverture à PUBLICPOL (AMO) et EHCPOL (AMC)","StructureDefinition/preadmission-coverage-fr","THO (V3)"
http://hl7.fr/fhir/fr/preadmission/ValueSet/type-venue-encounter,0.1.0,draft,,TypeVenueEncounterValueSet,Type de venue Encounter,"Les différents types d'admission (hospitalisation, consultation, etc.)","StructureDefinition/preadmission-encounter-fr","THO"
http://hl7.org/fhir/ValueSet/appointment-cancellation-reason,4.0.1,draft,"2.16.840.1.113883.4.642.3.1381",AppointmentCancellationReason,Appointment cancellation reason,"This example value set defines a set of reasons for the cancellation of an appointment.","StructureDefinition/preadmission-appointment-fr","THO"
http://hl7.org/fhir/ValueSet/appointmentstatus,4.0.1,draft,"2.16.840.1.113883.4.642.3.484",AppointmentStatus,AppointmentStatus,"The free/busy status of an appointment.","StructureDefinition/preadmission-appointment-fr","hl7.fhir.r4.core"
http://hl7.org/fhir/ValueSet/c80-doc-typecodes,4.0.1,active,"2.16.840.1.113883.3.88.12.80.47",DocumentTypeValueSet,Document Type Value Set,"This is the code specifying the precise type of document (e.g. Pulmonary History and  Physical, Discharge Summary, Ultrasound Report, etc.). The Document Type value set includes all LOINC  values listed in HITSP C80 Table 2-144 Document Class Value Set Definition above used for Document Class,  and all LOINC values whose SCALE is DOC in the LOINC database.","StructureDefinition/preadmission-documentreference-fr","LOINC"
http://hl7.org/fhir/ValueSet/c80-facilitycodes,4.0.1,active,"2.16.840.1.113883.3.88.12.80.67",FacilityTypeCodeValueSet,Facility Type Code Value Set,"This is the code representing the type of organizational setting where the clinical encounter, service, interaction, or treatment occurred. The value set used for Healthcare Facility Type has been defined by HITSP to be the value set reproduced from HITSP C80 Table 2-147.","StructureDefinition/preadmission-documentreference-fr","SCT"
http://hl7.org/fhir/ValueSet/c80-practice-codes,4.0.1,active,"2.16.840.1.113883.3.88.12.80.72",PracticeSettingCodeValueSet,Practice Setting Code Value Set,"This is the code representing the clinical specialty of the clinician or provider who interacted with, treated, or provided a service to/for the patient. The value set used for clinical specialty has been limited by HITSP to the value set reproduced from HITSP C80 Table 2-149 Clinical Specialty Value Set Definition.","StructureDefinition/preadmission-documentreference-fr","SCT"
http://hl7.org/fhir/ValueSet/common-tags,4.0.1,draft,"2.16.840.1.113883.4.642.3.79",CommonTags,Common Tags,"Common Tag Codes defined by FHIR project","StructureDefinition/preadmission-encounter-fr,StructureDefinition/preadmission-appointment-fr","THO"
http://hl7.org/fhir/ValueSet/composition-status,4.0.1,draft,"2.16.840.1.113883.4.642.3.241",CompositionStatus,CompositionStatus,"The workflow/clinical status of the composition.","StructureDefinition/preadmission-documentreference-fr","hl7.fhir.r4.core"
http://hl7.org/fhir/ValueSet/consent-action,4.0.1,draft,"2.16.840.1.113883.4.642.3.753",ConsentActionCodes,Consent Action Codes,"This value set includes sample Consent Action codes.","StructureDefinition/preadmission-consent-fr","THO"
http://hl7.org/fhir/ValueSet/consent-content-class,4.0.1,draft,"2.16.840.1.113883.4.642.3.747",ConsentContentClass,Consent Content Class,"This value set includes the FHIR resource types, along with some other important content class codes","StructureDefinition/preadmission-consent-fr","hl7.fhir.r4.core,Other"
http://hl7.org/fhir/ValueSet/consent-content-code,4.0.1,draft,"2.16.840.1.113883.4.642.3.748",ConsentContentCodes,Consent Content Codes,"This example value set contains all LOINC code","StructureDefinition/preadmission-consent-fr","LOINC"
http://hl7.org/fhir/ValueSet/consent-data-meaning,4.0.1,draft,"2.16.840.1.113883.4.642.3.759",ConsentDataMeaning,ConsentDataMeaning,"How a resource reference is interpreted when testing consent restrictions.","StructureDefinition/preadmission-consent-fr","hl7.fhir.r4.core"
http://hl7.org/fhir/ValueSet/consent-policy,4.0.1,draft,"2.16.840.1.113883.4.642.3.1014",ConsentPolicyRuleCodes,Consent PolicyRule Codes,"This value set includes sample Regulatory consent policy types from the US and other regions.","StructureDefinition/preadmission-consent-fr","THO"
http://hl7.org/fhir/ValueSet/consent-provision-type,4.0.1,draft,"2.16.840.1.113883.4.642.3.757",ConsentProvisionType,ConsentProvisionType,"How a rule statement is applied, such as adding additional consent or removing consent.","StructureDefinition/preadmission-consent-fr","hl7.fhir.r4.core"
http://hl7.org/fhir/ValueSet/consent-scope,4.0.1,draft,"2.16.840.1.113883.4.642.3.761",ConsentScopeCodes,Consent Scope Codes,"This value set includes the four Consent scope codes.","StructureDefinition/preadmission-consent-fr","THO"
http://hl7.org/fhir/ValueSet/consent-state-codes,4.0.1,draft,"2.16.840.1.113883.4.642.3.755",ConsentState,ConsentState,"Indicates the state of the consent.","StructureDefinition/preadmission-consent-fr","hl7.fhir.r4.core"
http://hl7.org/fhir/ValueSet/coverage-class,4.0.1,draft,"2.16.840.1.113883.4.642.3.1009",CoverageClassCodes,Coverage Class Codes,"This value set includes Coverage Class codes.","StructureDefinition/preadmission-coverage-fr","THO"
http://hl7.org/fhir/ValueSet/coverage-copay-type,4.0.1,draft,"2.16.840.1.113883.4.642.3.527",CoverageCopayTypeCodes,Coverage Copay Type Codes,"This value set includes sample Coverage Copayment Type codes.","StructureDefinition/preadmission-coverage-fr","THO"
http://hl7.org/fhir/ValueSet/coverage-financial-exception,4.0.1,draft,"2.16.840.1.113883.4.642.3.1328",ExampleCoverageFinancialExceptionCodes,Example Coverage Financial Exception Codes,"This value set includes Example Coverage Financial Exception Codes.","StructureDefinition/preadmission-coverage-fr","THO"
http://hl7.org/fhir/ValueSet/coverage-type,4.0.1,draft,"2.16.840.1.113883.4.642.3.520",CoverageTypeAndSelf-PayCodes,Coverage Type and Self-Pay Codes,"This value set includes Coverage Type codes.","StructureDefinition/preadmission-coverage-fr","THO"
http://hl7.org/fhir/ValueSet/diagnosis-role,4.0.1,draft,"2.16.840.1.113883.4.642.3.49",DiagnosisRole,DiagnosisRole,"This value set defines a set of codes that can be used to express the role of a diagnosis on the Encounter or EpisodeOfCare record.","StructureDefinition/preadmission-encounter-fr","THO"
http://hl7.org/fhir/ValueSet/document-classcodes,4.0.1,active,"2.16.840.1.113883.3.88.12.80.46",DocumentClassValueSet,Document Class Value Set,"This is the code specifying the high-level kind of document (e.g. Prescription, Discharge Summary, Report, etc.). Note: Class code for documents comes from LOINC, and is based upon one of the following:The type of service described by the document. It is described at a very high level in Section 7.3 of the LOINC Manual. The type study performed. It was determined by identifying modalities for study reports. The section of the chart where the document is placed. It was determined from the SETs created for Claims Attachment requests.","StructureDefinition/preadmission-documentreference-fr","LOINC"
http://hl7.org/fhir/ValueSet/document-reference-status,4.0.1,draft,"2.16.840.1.113883.4.642.3.7",DocumentReferenceStatus,DocumentReferenceStatus,"The status of the document reference.","StructureDefinition/preadmission-documentreference-fr","hl7.fhir.r4.core"
http://hl7.org/fhir/ValueSet/document-relationship-type,4.0.1,draft,"2.16.840.1.113883.4.642.3.244",DocumentRelationshipType,DocumentRelationshipType,"The type of relationship between documents.","StructureDefinition/preadmission-documentreference-fr","hl7.fhir.r4.core"
http://hl7.org/fhir/ValueSet/encounter-admit-source,4.0.1,draft,"2.16.840.1.113883.4.642.3.257",AdmitSource,Admit source,"This value set defines a set of codes that can be used to indicate from where the patient came in.","StructureDefinition/preadmission-encounter-fr","THO"
http://hl7.org/fhir/ValueSet/encounter-diet,4.0.1,draft,"2.16.840.1.113883.4.642.3.255",Diet,Diet,"This value set defines a set of codes that can be used to indicate dietary preferences or restrictions a patient may have.","StructureDefinition/preadmission-encounter-fr","THO"
http://hl7.org/fhir/ValueSet/encounter-location-status,4.0.1,draft,"2.16.840.1.113883.4.642.3.262",EncounterLocationStatus,EncounterLocationStatus,"The status of the location.","StructureDefinition/preadmission-encounter-fr","hl7.fhir.r4.core"
http://hl7.org/fhir/ValueSet/encounter-participant-type,4.0.1,draft,"2.16.840.1.113883.4.642.3.250",ParticipantType,Participant type,"This value set defines a set of codes that can be used to indicate how an individual participates in an encounter.","StructureDefinition/preadmission-encounter-fr,StructureDefinition/preadmission-appointment-fr","THO (V3),THO"
http://hl7.org/fhir/ValueSet/encounter-reason,4.0.1,draft,"2.16.840.1.113883.4.642.3.261",EncounterReasonCodes,Encounter Reason Codes,"This examples value set defines the set of codes that can be used to indicate reasons for an encounter.","StructureDefinition/preadmission-encounter-fr,StructureDefinition/preadmission-appointment-fr","SCT"
http://hl7.org/fhir/ValueSet/encounter-special-arrangements,4.0.1,draft,"2.16.840.1.113883.4.642.3.253",SpecialArrangements,Special arrangements,"This value set defines a set of codes that can be used to indicate the kinds of special arrangements in place for a patients visit.","StructureDefinition/preadmission-encounter-fr","THO"
http://hl7.org/fhir/ValueSet/encounter-special-courtesy,4.0.1,draft,"2.16.840.1.113883.4.642.3.252",SpecialCourtesy,Special courtesy,"This value set defines a set of codes that can be used to indicate special courtesies provided to the patient.","StructureDefinition/preadmission-encounter-fr","THO (V3)"
http://hl7.org/fhir/ValueSet/encounter-status,4.0.1,draft,"2.16.840.1.113883.4.642.3.246",EncounterStatus,EncounterStatus,"Current state of the encounter.","StructureDefinition/preadmission-encounter-fr","hl7.fhir.r4.core"
http://hl7.org/fhir/ValueSet/fm-status,4.0.1,draft,"2.16.840.1.113883.4.642.3.592",FinancialResourceStatusCodes,Financial Resource Status Codes,"This value set includes Status codes.","StructureDefinition/preadmission-coverage-fr","hl7.fhir.r4.core"
http://hl7.org/fhir/ValueSet/formatcodes,4.0.1,active,"1.3.6.1.4.1.19376.1.2.7.1",DocumentReferenceFormatCodeSet,DocumentReference Format Code Set,"The value set is defined to be the set of format codes defined by the IHE Technical Framework, and also including additional format codes defined by the    HL7. The value set is listed in HITSP C80 Table 2-153 Format Code Value Set Definition,    with additions published later by IHE as published    at http://wiki.ihe.net/index.php?title=IHE_Format_Codes   and with additions published later by HL7 as published at https://confluence.hl7.org/display/SD/Format+Codes+for+IHE+XDS.   This is the code specifying the technical format of the document. Along with the typeCode,    it should provide sufficient information to allow any potential document consumer to know    if it will be able to process the document. The code shall be sufficiently specific to    ensure processing/display by identifying a document encoding, structure and template. The actual list of codes here is incomplete","StructureDefinition/preadmission-documentreference-fr","Other"
http://hl7.org/fhir/ValueSet/identifier-use,4.0.1,active,"2.16.840.1.113883.4.642.3.57",IdentifierUse,IdentifierUse,"Identifies the purpose for this identifier, if known .","StructureDefinition/preadmission-encounter-fr","hl7.fhir.r4.core"
http://hl7.org/fhir/ValueSet/languages,4.0.1,draft,"2.16.840.1.113883.4.642.3.20",CommonLanguages,Common Languages,"This value set includes common codes from BCP-47 (http://tools.ietf.org/html/bcp47)","StructureDefinition/preadmission-consent-fr,StructureDefinition/preadmission-encounter-fr,StructureDefinition/preadmission-coverage-fr,StructureDefinition/preadmission-documentreference-fr,StructureDefinition/preadmission-appointment-fr","hl7.terminology.r4"
http://hl7.org/fhir/ValueSet/mimetypes,4.0.1,active,"2.16.840.1.113883.4.642.3.1024",Mime Types,MimeType,"This value set includes all possible codes from BCP-13 (http://tools.ietf.org/html/bcp13)","StructureDefinition/preadmission-documentreference-fr","Other"
http://hl7.org/fhir/ValueSet/participantrequired,4.0.1,draft,"2.16.840.1.113883.4.642.3.488",ParticipantRequired,ParticipantRequired,"Is the Participant required to attend the appointment.","StructureDefinition/preadmission-appointment-fr","hl7.fhir.r4.core"
http://hl7.org/fhir/ValueSet/participationstatus,4.0.1,draft,"2.16.840.1.113883.4.642.3.486",ParticipationStatus,ParticipationStatus,"The Participation status of an appointment.","StructureDefinition/preadmission-appointment-fr","hl7.fhir.r4.core"
http://hl7.org/fhir/ValueSet/security-labels,4.0.1,active,"2.16.840.1.113883.4.642.3.47",All Security Labels,SecurityLabels,"A single value set for all security labels defined by FHIR.","StructureDefinition/preadmission-consent-fr,StructureDefinition/preadmission-encounter-fr,StructureDefinition/preadmission-documentreference-fr,StructureDefinition/preadmission-appointment-fr",
http://hl7.org/fhir/ValueSet/security-role-type,4.0.1,draft,"2.16.840.1.113883.4.642.3.978",SecurityRoleType,SecurityRoleType,"This example FHIR value set is comprised of example Actor Type codes, which can be used to value FHIR agents, actors, and other role         elements such as those specified in financial transactions. The FHIR Actor value set is based on    DICOM Audit Message, C402;   ASTM Standard, E1762-95 [2013]; selected codes and          derived actor roles from HL7 RoleClass OID 2.16.840.1.113883.5.110;    HL7 Role Code 2.16.840.1.113883.5.111, including AgentRoleType;          HL7 ParticipationType OID: 2.16.840.1.113883.5.90; and    HL7 ParticipationFunction codes OID: 2.16.840.1.113883.5.88.           This value set includes, by reference, role codes from external code systems: NUCC Health Care Provider Taxonomy OID: 2.16.840.1.113883.6.101;          North American Industry Classification System [NAICS]OID: 2.16.840.1.113883.6.85; IndustryClassificationSystem 2.16.840.1.113883.1.11.16039;          and US Census Occupation Code OID: 2.16.840.1.113883.6.243 for relevant recipient or custodian codes not included in this value set.            If no source is indicated in the definition comments, then these are example FHIR codes.          It can be extended with appropriate roles described by SNOMED as well as those described in the HL7 Role Based Access Control Catalog and the          HL7 Healthcare (Security and Privacy) Access Control Catalog.            In Role-Based Access Control (RBAC), permissions are operations on an object that a user wishes to access. Permissions are grouped into roles.          A role characterizes the functions a user is allowed to perform. Roles are assigned to users. If the user's role has the appropriate permissions          to access an object, then that user is granted access to the object. FHIR readily enables RBAC, as FHIR Resources are object types and the CRUDE          events (the FHIR equivalent to permissions in the RBAC scheme) are operations on those objects.          In Attribute-Based Access Control (ABAC), a user requests to perform operations on objects. That user's access request is granted or denied          based on a set of access control policies that are specified in terms of attributes and conditions. FHIR readily enables ABAC, as instances of          a Resource in FHIR (again, Resources are object types) can have attributes associated with them. These attributes include security tags,          environment conditions, and a host of user and object characteristics, which are the same attributes as those used in ABAC. Attributes help          define the access control policies that determine the operations a user may perform on a Resource (in FHIR) or object (in ABAC). For example,          a tag (or attribute) may specify that the identified Resource (object) is not to be further disclosed without explicit consent from the patient.","StructureDefinition/preadmission-consent-fr","THO (V3),THO,DICOM"
http://hl7.org/fhir/ValueSet/service-category,4.0.1,draft,"2.16.840.1.113883.4.642.3.516",ServiceCategory,Service category,"This value set defines an example set of codes that can be used to classify groupings of service-types/specialties.","StructureDefinition/preadmission-appointment-fr","THO"
http://hl7.org/fhir/ValueSet/service-type,4.0.1,draft,"2.16.840.1.113883.4.642.3.518",ServiceType,Service type,"This value set defines an example set of codes of service-types.","StructureDefinition/preadmission-encounter-fr,StructureDefinition/preadmission-appointment-fr","THO"
http://hl7.org/fhir/ValueSet/subscriber-relationship,4.0.1,draft,"2.16.840.1.113883.4.642.3.1385",SubscriberRelationshipCodes,SubscriberPolicyholder Relationship Codes,"This value set includes codes for the relationship between the Subscriber and the Beneficiary (insured/covered party/patient).","StructureDefinition/preadmission-coverage-fr","THO"
http://terminology.hl7.org/ValueSet/v2-0092,2.0.0,active,"2.16.840.1.113883.21.40",Hl7VSReAdmissionIndicator,hl7VS-re-admissionIndicator,"Value Set of codes which are used to specify that a patient is being re-admitted to a healthcare facility from which they were discharged, and indicates the circumstances around such re-admission.","StructureDefinition/preadmission-encounter-fr","THO (V2)"
http://terminology.hl7.org/ValueSet/v2-0276,2.0.0,active,"2.16.840.1.113883.21.181",Hl7VSAppointmentReasonCodes,hl7VS-appointmentReasonCodes,"Value Set of codes that describe the kind of appointment or the reason why an appointment has been scheduled.","StructureDefinition/preadmission-appointment-fr","THO (V2)"
http://terminology.hl7.org/ValueSet/v3-ActCode,3.0.0,active,,ActCode,v3 Code System ActCode,"A code specifying the particular kind of Act that the Act-instance represents within its class.  Constraints:  The kind of Act (e.g. physical examination, serum potassium, inpatient encounter, charge financial transaction, etc.) is specified with a code from one of several, typically external, coding systems.  The coding system will depend on the class of Act, such as LOINC for observations, etc. Conceptually, the Act.code must be a specialization of the Act.classCode. This is why the structure of ActClass domain should be reflected in the superstructure of the ActCode domain and then individual codes or externally referenced vocabularies subordinated under these domains that reflect the ActClass structure. Act.classCode and Act.code are not modifiers of each other but the Act.code concept should really imply the Act.classCode concept. For a negative example, it is not appropriate to use an Act.code ""potassium"" together with and Act.classCode for ""laboratory observation"" to somehow mean ""potassium laboratory observation"" and then use the same Act.code for ""potassium"" together with Act.classCode for ""medication"" to mean ""substitution of potassium"". This mutually modifying use of Act.code and Act.classCode is not permitted.","StructureDefinition/preadmission-documentreference-fr","THO (V3)"
http://terminology.hl7.org/ValueSet/v3-ActEncounterCode,3.0.0,active,"2.16.840.1.113883.1.11.13955",ActEncounterCode,ActEncounterCode,"Domain provides codes that qualify the ActEncounterClass (ENC)","StructureDefinition/preadmission-encounter-fr","THO (V3)"
http://terminology.hl7.org/ValueSet/v3-ActPriority,3.0.0,active,"2.16.840.1.113883.1.11.16866",ActPriority,ActPriority,"A code or set of codes (e.g., for routine, emergency,) specifying the urgency under which the Act happened, can happen, is happening, is intended to happen, or is requested/demanded to happen.    *Discussion:* This attribute is used in orders to indicate the ordered priority, and in event documentation it indicates the actual priority used to perform the act. In definition mood it indicates the available priorities.","StructureDefinition/preadmission-encounter-fr","THO (V3)"
http://terminology.hl7.org/ValueSet/v3-PurposeOfUse,3.1.0,active,"2.16.840.1.113883.1.11.20448",PurposeOfUse,PurposeOfUse,"Supports communication of purpose of use at a general level.","StructureDefinition/preadmission-consent-fr","THO (V3)"
https://hl7.fr/ig/fhir/core/ValueSet/fr-core-vs-encounter-discharge-disposition,2.1.0,active,,FRCoreValueSetEncounterDischargeDisposition,FR Core ValueSet Encounter discharge disposition,"This value set defines a set of codes that can be used to where the patient left the hospital | Circonstances de sortie de l'hôpital.","StructureDefinition/preadmission-encounter-fr","hl7.fhir.fr.core,THO"
https://hl7.fr/ig/fhir/core/ValueSet/fr-core-vs-encounter-identifier-type,2.1.0,active,,FRCoreValueSetEncounterIdentifierType,FR Core ValueSet Encounter identifier type,"A coded type for an identifier that can be used to determine which identifier to use for a specific purpose (Encounters).","StructureDefinition/preadmission-encounter-fr","hl7.fhir.fr.core"
https://hl7.fr/ig/fhir/core/ValueSet/fr-core-vs-encounter-type,2.1.0,active,,FRCoreValueSetEncounterType,FR Core ValueSet Encounter type,"A coded type for an encounter | Jeu de valeurs des types de rencontre.","StructureDefinition/preadmission-encounter-fr","THO (V2),hl7.fhir.fr.core"
https://hl7.fr/ig/fhir/core/ValueSet/fr-core-vs-location-physical-type,2.1.0,active,,FRCoreValueSetLocationPhysicalType,FR Core ValueSet Location physical type,"French location physical type | Types de lieux physiques pour la France","StructureDefinition/preadmission-encounter-fr","hl7.fhir.fr.core"
https://hl7.fr/ig/fhir/core/ValueSet/fr-core-vs-practitioner-specialty,2.1.0,active,,FRCoreValueSetPractitionerSpecialty,FR Core ValueSet Practitioner specialty,"The modalities of exercice of the practitioner, registered by an official organization for a period of time.","StructureDefinition/preadmission-appointment-fr","ans.fr.nos"
